<?xml version="1.0" encoding="UTF-8"?>
<project-private xmlns="http://www.netbeans.org/ns/project-private/1">
    <editor-bookmarks xmlns="http://www.netbeans.org/ns/editor-bookmarks/2" lastBookmarkId="0"/>
    <open-files xmlns="http://www.netbeans.org/ns/projectui-open-files/2">
        <group>
            <file>file:/C:/Users/Usuario/Documents/NetBeansProjects/CookieReader/src/domain/DCNTpeso.java</file>
            <file>file:/C:/Users/Usuario/Documents/NetBeansProjects/CookieReader/src/domain/Nutrientes.java</file>
            <file>file:/C:/Users/Usuario/Documents/NetBeansProjects/CookieReader/src/domain/Cidade.java</file>
            <file>file:/C:/Users/Usuario/Documents/NetBeansProjects/CookieReader/src/domain/BiscoitoNutriente.java</file>
            <file>file:/C:/Users/Usuario/Documents/NetBeansProjects/CookieReader/src/domain/Biscoito.java</file>
            <file>file:/C:/Users/Usuario/Documents/NetBeansProjects/CookieReader/src/domain/Usuario.java</file>
            <file>file:/C:/Users/Usuario/Documents/NetBeansProjects/CookieReader/src/domain/scanBiscoito.java</file>
            <file>file:/C:/Users/Usuario/Documents/NetBeansProjects/CookieReader/src/domain/UF.java</file>
            <file>file:/C:/Users/Usuario/Documents/NetBeansProjects/CookieReader/src/domain/dcnt.java</file>
            <file>file:/C:/Users/Usuario/Documents/NetBeansProjects/CookieReader/src/domain/Empresa.java</file>
        </group>
    </open-files>
</project-private>
